patient_id,body_size,body_weight,eyes,nose,lips,teeth,skin,hair,appetite,digestion,thirst,emotions,mind,intellect,speech,voice,dreams,season_preferred,dosha
P0001,slim,low,small,uneven,dry,thin,dry,dry and brittle,irregular,irregular forms gas,changeable,anxiety,restless,quick but faulty response,rapid and talkative,weak and hoarse,imaginative,summer,vata
P0002,medium,medium,sharp,long-pointed,inflamed,medium,smooth,straight and oily,strong,quick causes burning,surplus,anger,impatient,accurate response,clear and sharp,strong tone,realistic,winter,pitta
P0003,large,overweight,big,short rounded,smooth,healthy,oily,thick and curly,slow but steady,prolonged forms mucous,sparse,calm,calmer,slow and exact,quiet and slow,deep and good tone,lack of dreams,summer,kapha
P0004,slim,medium,small,long-pointed,inflamed,medium,dry,straight and oily,strong,quick causes burning,surplus,anxiety,impatient,accurate response,rapid and talkative,weak and hoarse,imaginative,rainy,vata
P0005,medium,overweight,big,short rounded,smooth,healthy,oily,thick and curly,slow but steady,prolonged forms mucous,sparse,anger,impatient,slow and exact,quiet and slow,deep and good tone,lack of dreams,summer,kapha
P0006,large,low,small,uneven,dry,thin,dry,dry and brittle,strong,irregular forms gas,changeable,anger,impatient,quick but faulty response,clear and sharp,strong tone,realistic,rainy,pitta
P0007,slim,overweight,sharp,long-pointed,inflamed,medium,dry,straight and oily,slow but steady,quick causes burning,surplus,calm,restless,accurate response,rapid and talkative,weak and hoarse,imaginative,winter,kapha
P0008,medium,low,big,short rounded,smooth,healthy,oily,straight and oily,strong,prolonged forms mucous,sparse,anxiety,impatient,slow and exact,quiet and slow,deep and good tone,lack of dreams,winter,kapha
P0009,large,medium,small,long-pointed,dry,medium,smooth,thick and curly,slow but steady,irregular forms gas,changeable,calm,restless,accurate response,clear and sharp,strong tone,imaginative,winter,pitta
P0010,slim,low,sharp,long-pointed,inflamed,thin,dry,dry and brittle,strong,quick causes burning,surplus,anger,impatient,quick but faulty response,rapid and talkative,weak and hoarse,realistic,winter,pitta
P0011,medium,overweight,small,long-pointed,inflamed,medium,oily,thick and curly,slow but steady,prolonged forms mucous,sparse,calm,restless,slow and exact,quiet and slow,deep and good tone,lack of dreams,summer,kapha
P0012,large,medium,sharp,short rounded,smooth,healthy,oily,straight and oily,strong,irregular forms gas,changeable,anxiety,restless,accurate response,clear and sharp,strong tone,realistic,winter,pitta
P0013,slim,medium,big,short rounded,smooth,healthy,dry,thick and curly,strong,irregular forms gas,changeable,anger,restless,quick but faulty response,rapid and talkative,weak and hoarse,realistic,winter,pitta
P0014,medium,low,small,uneven,dry,thin,smooth,straight and oily,slow but steady,prolonged forms mucous,sparse,calm,impatient,slow and exact,quiet and slow,deep and good tone,lack of dreams,rainy,kapha
P0015,large,overweight,sharp,long-pointed,inflamed,medium,smooth,straight and oily,strong,quick causes burning,surplus,calm,restless,accurate response,rapid and talkative,weak and hoarse,realistic,summer,pitta
P0016,slim,low,small,long-pointed,inflamed,medium,smooth,dry and brittle,slow but steady,irregular forms gas,changeable,anxiety,impatient,quick but faulty response,clear and sharp,strong tone,realistic,winter,pitta
P0017,medium,medium,big,short rounded,smooth,healthy,oily,thick and curly,strong,prolonged forms mucous,sparse,calm,restless,slow and exact,quiet and slow,deep and good tone,lack of dreams,winter,kapha
P0018,large,overweight,sharp,uneven,dry,medium,dry,straight and oily,slow but steady,quick causes burning,surplus,anger,impatient,accurate response,rapid and talkative,weak and hoarse,realistic,summer,pitta
P0019,slim,overweight,small,long-pointed,dry,medium,oily,straight and oily,strong,irregular forms gas,changeable,anger,restless,accurate response,clear and sharp,strong tone,lack of dreams,summer,kapha
P0020,medium,medium,sharp,short rounded,smooth,healthy,oily,thick and curly,slow but steady,prolonged forms mucous,sparse,calm,impatient,slow and exact,quiet and slow,deep and good tone,imaginative,summer,kapha
P0021,large,low,small,long-pointed,inflamed,medium,dry,straight and oily,strong,quick causes burning,surplus,calm,restless,quick but faulty response,rapid and talkative,weak and hoarse,realistic,rainy,pitta
P0022,slim,medium,big,short rounded,inflamed,thin,smooth,straight and oily,slow but steady,prolonged forms mucous,sparse,calm,restless,quick but faulty response,quiet and slow,strong tone,lack of dreams,summer,kapha
P0023,slim,medium,big,short rounded,inflamed,thin,smooth,straight and oily,slow but steady,quick causes burning,surplus,calm,restless,quick but faulty response,rapid and talkative,weak and hoarse,imaginative,summer,pitta
P0024,medium,overweight,small,long-pointed,inflamed,medium,oily,thick and curly,strong,prolonged forms mucous,sparse,calm,impatient,slow and exact,quiet and slow,deep and good tone,lack of dreams,winter,kapha
P0025,large,low,small,uneven,dry,thin,dry,dry and brittle,strong,irregular forms gas,changeable,anger,impatient,quick but faulty response,clear and sharp,strong tone,realistic,winter,pitta
P0026,slim,overweight,sharp,long-pointed,inflamed,medium,dry,straight and oily,slow but steady,quick causes burning,surplus,calm,restless,accurate response,rapid and talkative,weak and hoarse,lack of dreams,summer,kapha
P0027,medium,low,big,short rounded,smooth,healthy,oily,straight and oily,strong,prolonged forms mucous,sparse,anxiety,impatient,slow and exact,quiet and slow,deep and good tone,lack of dreams,summer,kapha
P0028,large,medium,small,long-pointed,dry,medium,smooth,thick and curly,slow but steady,irregular forms gas,changeable,calm,restless,accurate response,clear and sharp,strong tone,realistic,winter,pitta
P0029,slim,low,sharp,long-pointed,inflamed,thin,dry,dry and brittle,strong,quick causes burning,surplus,anger,impatient,quick but faulty response,rapid and talkative,weak and hoarse,realistic,rainy,pitta
P0030,medium,overweight,small,long-pointed,inflamed,medium,oily,thick and curly,slow but steady,prolonged forms mucous,sparse,calm,restless,slow and exact,quiet and slow,deep and good tone,lack of dreams,rainy,kapha
P0031,large,medium,sharp,short rounded,smooth,healthy,oily,straight and oily,strong,irregular forms gas,changeable,anxiety,restless,accurate response,clear and sharp,strong tone,realistic,rainy,pitta
P0032,slim,medium,big,short rounded,smooth,healthy,dry,thick and curly,strong,irregular forms gas,changeable,anger,restless,quick but faulty response,rapid and talkative,weak and hoarse,imaginative,winter,pitta
P0033,slim,low,small,long-pointed,inflamed,medium,smooth,dry and brittle,slow but steady,irregular forms gas,changeable,anxiety,impatient,quick but faulty response,clear and sharp,strong tone,realistic,rainy,pitta
P0034,medium,medium,big,short rounded,smooth,healthy,oily,thick and curly,strong,prolonged forms mucous,sparse,calm,restless,slow and exact,quiet and slow,deep and good tone,lack of dreams,summer,kapha
P0035,large,overweight,sharp,uneven,dry,medium,dry,straight and oily,slow but steady,quick causes burning,surplus,anger,impatient,accurate response,rapid and talkative,weak and hoarse,imaginative,winter,pitta
P0036,slim,overweight,small,long-pointed,dry,medium,oily,straight and oily,strong,irregular forms gas,changeable,anger,restless,accurate response,clear and sharp,strong tone,lack of dreams,winter,kapha
P0037,medium,medium,sharp,short rounded,smooth,healthy,oily,thick and curly,slow but steady,prolonged forms mucous,sparse,calm,impatient,slow and exact,quiet and slow,deep and good tone,lack of dreams,rainy,kapha
P0038,large,low,small,long-pointed,inflamed,medium,dry,straight and oily,strong,quick causes burning,surplus,calm,restless,quick but faulty response,rapid and talkative,weak and hoarse,imaginative,summer,pitta
P0039,slim,medium,big,short rounded,inflamed,thin,smooth,straight and oily,slow but steady,prolonged forms mucous,sparse,anxiety,impatient,quick but faulty response,clear and sharp,strong tone,imaginative,summer,pitta
P0040,medium,overweight,sharp,short rounded,smooth,healthy,oily,thick and curly,slow but steady,prolonged forms mucous,sparse,calm,restless,accurate response,rapid and talkative,weak and hoarse,lack of dreams,winter,kapha
P0041,large,medium,small,long-pointed,dry,medium,smooth,thick and curly,slow but steady,irregular forms gas,changeable,calm,restless,accurate response,clear and sharp,strong tone,realistic,rainy,pitta
P0042,slim,low,sharp,long-pointed,inflamed,thin,dry,dry and brittle,strong,quick causes burning,surplus,anger,impatient,quick but faulty response,rapid and talkative,weak and hoarse,imaginative,rainy,pitta
P0043,medium,overweight,small,long-pointed,inflamed,medium,oily,thick and curly,slow but steady,prolonged forms mucous,sparse,calm,restless,slow and exact,quiet and slow,deep and good tone,realistic,winter,kapha
P0044,large,low,small,uneven,dry,thin,dry,dry and brittle,strong,irregular forms gas,changeable,anxiety,impatient,quick but faulty response,clear and sharp,strong tone,realistic,summer,pitta
P0045,slim,medium,big,short rounded,inflamed,thin,smooth,straight and oily,slow but steady,prolonged forms mucous,sparse,calm,restless,quick but faulty response,quiet and slow,strong tone,realistic,winter,kapha
P0046,medium,overweight,small,long-pointed,inflamed,medium,oily,thick and curly,strong,quick causes burning,surplus,anger,impatient,slow and exact,rapid and talkative,weak and hoarse,imaginative,winter,pitta
P0047,slim,overweight,sharp,long-pointed,inflamed,medium,dry,straight and oily,slow but steady,quick causes burning,surplus,calm,restless,accurate response,rapid and talkative,weak and hoarse,lack of dreams,rainy,kapha
P0048,medium,low,big,short rounded,smooth,healthy,oily,straight and oily,strong,prolonged forms mucous,sparse,anxiety,impatient,slow and exact,quiet and slow,deep and good tone,realistic,summer,kapha
P0049,large,medium,small,long-pointed,dry,medium,smooth,thick and curly,slow but steady,irregular forms gas,changeable,calm,restless,accurate response,clear and sharp,strong tone,lack of dreams,winter,pitta
P0050,slim,low,sharp,long-pointed,inflamed,thin,dry,dry and brittle,strong,quick causes burning,surplus,anger,impatient,quick but faulty response,rapid and talkative,weak and hoarse,imaginative,winter,pitta
P0051,slim,medium,big,short rounded,smooth,healthy,dry,thick and curly,strong,irregular forms gas,changeable,anger,restless,quick but faulty response,rapid and talkative,weak and hoarse,imaginative,rainy,pitta
P0052,medium,low,small,uneven,dry,thin,smooth,straight and oily,slow but steady,prolonged forms mucous,sparse,calm,impatient,slow and exact,quiet and slow,deep and good tone,imaginative,summer,kapha
P0053,large,overweight,sharp,long-pointed,inflamed,medium,smooth,straight and oily,strong,quick causes burning,surplus,calm,restless,accurate response,rapid and talkative,weak and hoarse,imaginative,summer,pitta
P0054,slim,low,sharp,long-pointed,inflamed,medium,smooth,dry and brittle,slow but steady,irregular forms gas,changeable,anxiety,impatient,quick but faulty response,clear and sharp,strong tone,lack of dreams,summer,pitta
P0055,medium,medium,big,short rounded,smooth,healthy,oily,thick and curly,strong,prolonged forms mucous,sparse,calm,restless,slow and exact,quiet and slow,deep and good tone,realistic,rainy,kapha
P0056,large,overweight,sharp,uneven,dry,medium,dry,straight and oily,slow but steady,quick causes burning,surplus,anger,impatient,accurate response,rapid and talkative,weak and hoarse,lack of dreams,winter,pitta
P0057,medium,medium,sharp,short rounded,smooth,healthy,oily,thick and curly,slow but steady,prolonged forms mucous,sparse,calm,impatient,slow and exact,quiet and slow,deep and good tone,realistic,rainy,kapha
P0058,large,low,small,long-pointed,inflamed,medium,dry,straight and oily,strong,quick causes burning,surplus,calm,restless,quick but faulty response,rapid and talkative,weak and hoarse,imaginative,rainy,pitta
P0059,slim,medium,big,short rounded,inflamed,medium,smooth,dry and brittle,slow but steady,irregular forms gas,changeable,anxiety,impatient,quick but faulty response,clear and sharp,strong tone,lack of dreams,winter,pitta
P0060,medium,overweight,sharp,short rounded,smooth,healthy,oily,thick and curly,slow but steady,prolonged forms mucous,sparse,calm,restless,accurate response,rapid and talkative,weak and hoarse,realistic,summer,kapha
P0061,large,medium,small,long-pointed,dry,medium,smooth,thick and curly,slow but steady,irregular forms gas,changeable,calm,restless,accurate response,clear and sharp,strong tone,lack of dreams,summer,pitta
P0062,medium,overweight,small,long-pointed,inflamed,medium,oily,thick and curly,slow but steady,prolonged forms mucous,sparse,calm,restless,slow and exact,quiet and slow,deep and good tone,realistic,summer,kapha
P0063,large,low,small,uneven,dry,thin,dry,dry and brittle,strong,irregular forms gas,changeable,anxiety,impatient,quick but faulty response,clear and sharp,strong tone,lack of dreams,rainy,pitta
P0064,slim,overweight,sharp,long-pointed,inflamed,medium,dry,straight and oily,slow but steady,quick causes burning,surplus,calm,restless,accurate response,rapid and talkative,weak and hoarse,imaginative,summer,kapha
P0065,medium,overweight,sharp,long-pointed,inflamed,medium,dry,straight and oily,slow but steady,quick causes burning,surplus,calm,restless,accurate response,rapid and talkative,weak and hoarse,imaginative,rainy,kapha
P0066,slim,medium,big,short rounded,inflamed,thin,smooth,straight and oily,slow but steady,prolonged forms mucous,sparse,calm,restless,quick but faulty response,quiet and slow,strong tone,imaginative,winter,kapha
P0067,medium,overweight,small,long-pointed,inflamed,medium,oily,thick and curly,strong,quick causes burning,surplus,anger,impatient,slow and exact,rapid and talkative,weak and hoarse,imaginative,rainy,pitta
P0068,large,low,small,uneven,dry,thin,dry,dry and brittle,strong,irregular forms gas,changeable,anger,impatient,quick but faulty response,clear and sharp,strong tone,imaginative,winter,pitta
P0069,slim,low,sharp,long-pointed,inflamed,thin,dry,dry and brittle,strong,quick causes burning,surplus,anger,impatient,quick but faulty response,rapid and talkative,weak and hoarse,realistic,summer,pitta
P0070,slim,medium,big,short rounded,smooth,healthy,dry,thick and curly,strong,irregular forms gas,changeable,anger,restless,quick but faulty response,rapid and talkative,weak and hoarse,lack of dreams,winter,pitta
P0071,medium,low,small,uneven,dry,thin,smooth,straight and oily,slow but steady,prolonged forms mucous,sparse,calm,impatient,slow and exact,quiet and slow,deep and good tone,lack of dreams,winter,kapha
P0072,large,overweight,sharp,long-pointed,inflamed,medium,smooth,straight and oily,strong,quick causes burning,surplus,calm,restless,accurate response,rapid and talkative,weak and hoarse,realistic,rainy,pitta
P0073,slim,low,sharp,long-pointed,inflamed,medium,smooth,dry and brittle,slow but steady,irregular forms gas,changeable,anxiety,impatient,quick but faulty response,clear and sharp,strong tone,imaginative,rainy,pitta
P0074,medium,medium,big,short rounded,smooth,healthy,oily,thick and curly,strong,prolonged forms mucous,sparse,calm,restless,slow and exact,quiet and slow,deep and good tone,lack of dreams,rainy,kapha
P0075,large,overweight,sharp,uneven,dry,medium,dry,straight and oily,slow but steady,quick causes burning,surplus,anger,impatient,accurate response,rapid and talkative,weak and hoarse,realistic,winter,pitta
P0076,slim,overweight,small,long-pointed,dry,medium,oily,straight and oily,strong,irregular forms gas,changeable,anger,restless,accurate response,clear and sharp,strong tone,realistic,rainy,kapha
P0077,slim,medium,big,short rounded,inflamed,medium,smooth,dry and brittle,slow but steady,irregular forms gas,changeable,anxiety,impatient,quick but faulty response,clear and sharp,strong tone,lack of dreams,rainy,pitta
P0078,slim,low,"small, sunken, dry","uneven, deviated septum","dry, cracked","stick out, big, roomy, thin gums","thin, dry, cold, rough","dry, brown/black","irregular, scanty","irregular, forms gas",changeable,"anxiety, fear, uncertainty",restless,quick but faulty response,"rapid, unclear, talkative","weak, hoarse",realistic,summer,vata
P0079,slim,low,"sharp, bright, sensitive to light","long pointed, red nose-tip","red, inflamed","medium, soft, tender gums","smooth, oily, warm","straight, oily, blonde","strong, unbearable","quick, causes burning",changeable,"anger, hate, jealousy",impatient,accurate response,"clear, sharp, penetrating",strong tone,imaginative,rainy,vata
P0080,slim,low,"small, sunken, dry","long pointed, red nose-tip","dry, cracked","stick out, big, roomy, thin gums","thin, dry, cold, rough","dry, brown/black","irregular, scanty","irregular, forms gas",changeable,"calmness, patience, contentment",restlessness,"slow, exact","clear, slow, monotonous","deep, good tone",lack of dreams,rainy,vata
P0081,slim,low,"sharp, bright, sensitive to light","short rounded, button nose","smooth, oily","medium, soft, tender gums","smooth, oily, warm","straight, oily, blonde","strong, unbearable","slow, forms mucous",sparse,"anxiety, fear, uncertainty",restless,accurate response,"clear, sharp, penetrating",strong tone,imaginative,summer,vata
P0082,slim,low,"small, sunken, dry","short rounded, button nose","dry, cracked","stick out, big, roomy, thin gums","thin, dry, cold, rough","dry, brown/black","irregular, scanty","irregular, forms gas",surplus,"calmness, patience, contentment",restlessness,"slow, exact","quiet, slow, monotonous","deep, good tone",lack of dreams,winter,vata
P0083,slim,low,"sharp, bright, sensitive to light","long pointed, red nose-tip","red, inflamed","medium, soft, tender gums","smooth, oily, warm","straight, oily, blonde","strong, unbearable","quick, causes burning",sparse,"anxiety, fear, uncertainty",restless,quick but faulty response,"rapid, unclear, talkative","weak, hoarse",realistic,summer,vata
P0084,slim,low,"small, sunken, dry","long pointed, red nose-tip","red, inflamed","stick out, big, roomy, thin gums","thin, dry, cold, rough","dry, brown/black","irregular, scanty","slow, forms mucous",sparse,"anger, hate, jealousy",impatient,"slow, exact","clear, slow, monotonous","deep, good tone",imaginative,winter,vata
P0085,slim,low,"sharp, bright, sensitive to light","short rounded, button nose","dry, cracked","medium, soft, tender gums","smooth, oily, warm","straight, oily, blonde","strong, unbearable","quick, causes burning",changeable,"anger, hate, jealousy",restlessness,accurate response,"clear, sharp, penetrating",strong tone,lack of dreams,summer,vata
P0086,slim,low,"small, sunken, dry","long pointed, red nose-tip","red, inflamed","stick out, big, roomy, thin gums","thin, dry, cold, rough","dry, brown/black","irregular, scanty","slow, forms mucous",sparse,"calmness, patience, contentment",restlessness,quick but faulty response,"quiet, slow, monotonous","weak, hoarse",realistic,winter,vata
P0087,slim,low,"sharp, bright, sensitive to light","short rounded, button nose","dry, cracked","medium, soft, tender gums","smooth, oily, warm","straight, oily, blonde","strong, unbearable","quick, causes burning",changeable,"anxiety, fear, uncertainty",impatient,quick but faulty response,"rapid, unclear, talkative",strong tone,imaginative,summer,vata
P0088,slim,low,"small, sunken, dry","long pointed, red nose-tip","red, inflamed","stick out, big, roomy, thin gums","thin, dry, cold, rough","dry, brown/black","irregular, scanty","slow, forms mucous",sparse,"calmness, patience, contentment",restlessness,accurate response,"clear, sharp, penetrating","deep, good tone",lack of dreams,rainy,vata
P0089,slim,low,"sharp, bright, sensitive to light","short rounded, button nose","dry, cracked","stick out, big, roomy, thin gums","thin, dry, cold, rough","dry, brown/black","irregular, scanty","irregular, forms gas",changeable,"anxiety, fear, uncertainty",restless,quick but faulty response,"clear, sharp, penetrating",strong tone,realistic,winter,vata
P0090,slim,low,"small, sunken, dry","long pointed, red nose-tip","red, inflamed","medium, soft, tender gums","smooth, oily, warm","straight, oily, blonde","strong, unbearable","slow, forms mucous",sparse,"anger, hate, jealousy",impatient,"slow, exact","rapid, unclear, talkative","deep, good tone",lack of dreams,summer,vata
P0091,slim,low,"sharp, bright, sensitive to light","short rounded, button nose","dry, cracked","stick out, big, roomy, thin gums","thin, dry, cold, rough","dry, brown/black","irregular, scanty","irregular, forms gas",changeable,"calmness, patience, contentment",restlessness,accurate response,"quiet, slow, monotonous","weak, hoarse",imaginative,rainy,vata
P0092,slim,low,"small, sunken, dry","long pointed, red nose-tip","red, inflamed","medium, soft, tender gums","smooth, oily, warm","straight, oily, blonde","strong, unbearable","slow, forms mucous",sparse,"anger, hate, jealousy",restlessness,quick but faulty response,"clear, sharp, penetrating",strong tone,realistic,winter,vata
P0093,slim,low,"sharp, bright, sensitive to light","short rounded, button nose","dry, cracked","stick out, big, roomy, thin gums","thin, dry, cold, rough","dry, brown/black","irregular, scanty","irregular, forms gas",changeable,"calmness, patience, contentment",impatient,"slow, exact","rapid, unclear, talkative","deep, good tone",lack of dreams,summer,vata
P0094,slim,low,"small, sunken, dry","long pointed, red nose-tip","red, inflamed","stick out, big, roomy, thin gums","thin, dry, cold, rough","dry, brown/black","irregular, scanty","slow, forms mucous",sparse,"anxiety, fear, uncertainty",impatient,accurate response,"clear, sharp, penetrating","weak, hoarse",realistic,winter,vata
P0095,slim,low,"sharp, bright, sensitive to light","short rounded, button nose","dry, cracked","medium, soft, tender gums","smooth, oily, warm","straight, oily, blonde","strong, unbearable","quick, causes burning",sparse,"calmness, patience, contentment",restless,quick but faulty response,"quiet, slow, monotonous",strong tone,imaginative,rainy,vata
P0096,slim,low,"small, sunken, dry","long pointed, red nose-tip","red, inflamed","stick out, big, roomy, thin gums","thin, dry, cold, rough","dry, brown/black","irregular, scanty","slow, forms mucous",sparse,"anger, hate, jealousy",restless,"slow, exact","rapid, unclear, talkative","weak, hoarse",lack of dreams,winter,vata
P0097,slim,low,"sharp, bright, sensitive to light","short rounded, button nose","dry, cracked","stick out, big, roomy, thin gums","thin, dry, cold, rough","dry, brown/black","irregular, scanty","irregular, forms gas",changeable,"calmness, patience, contentment",impatient,accurate response,"quiet, slow, monotonous","deep, good tone",realistic,winter,vata
P0098,slim,low,"small, sunken, dry","uneven, deviated septum","dry, cracked","stick out, big, roomy, thin gums","thin, dry, cold, rough","dry, brown/black","irregular, scanty","irregular, forms gas",changeable,"anxiety, fear, uncertainty",restless,quick but faulty response,"rapid, unclear, talkative","weak, hoarse",imaginative,summer,vata
P0099,slim,low,"sharp, bright, sensitive to light","long pointed, red nose-tip","red, inflamed","medium, soft, tender gums","smooth, oily, warm","straight, oily, blonde","strong, unbearable","quick, causes burning",changeable,"anger, hate, jealousy",impatient,accurate response,"clear, sharp, penetrating",strong tone,lack of dreams,summer,vata
P0100,slim,low,"small, sunken, dry","long pointed, red nose-tip","dry, cracked","stick out, big, roomy, thin gums","thin, dry, cold, rough","dry, brown/black","irregular, scanty","irregular, forms gas",changeable,"calmness, patience, contentment",restlessness,"slow, exact","clear, slow, monotonous","deep, good tone",imaginative,summer,vata
P0101,slim,low,"small, sunken, dry","short rounded, button nose","dry, cracked","stick out, big, roomy, thin gums","thin, dry, cold, rough","dry, brown/black","irregular, scanty","irregular, forms gas",surplus,"calmness, patience, contentment",restlessness,"slow, exact","quiet, slow, monotonous","deep, good tone",imaginative,summer,vata
P0102,slim,low,"sharp, bright, sensitive to light","long pointed, red nose-tip","red, inflamed","medium, soft, tender gums","smooth, oily, warm","straight, oily, blonde","strong, unbearable","quick, causes burning",sparse,"anxiety, fear, uncertainty",restless,quick but faulty response,"rapid, unclear, talkative","weak, hoarse",lack of dreams,rainy,vata
P0103,slim,low,"small, sunken, dry","long pointed, red nose-tip","red, inflamed","stick out, big, roomy, thin gums","thin, dry, cold, rough","dry, brown/black","irregular, scanty","slow, forms mucous",sparse,"anger, hate, jealousy",impatient,"slow, exact","clear, slow, monotonous","deep, good tone",realistic,winter,vata
P0104,slim,low,"sharp, bright, sensitive to light","short rounded, button nose","dry, cracked","medium, soft, tender gums","smooth, oily, warm","straight, oily, blonde","strong, unbearable","quick, causes burning",changeable,"anger, hate, jealousy",restlessness,accurate response,"clear, sharp, penetrating",strong tone,lack of dreams,rainy,vata
P0105,slim,low,"sharp, bright, sensitive to light","short rounded, button nose","dry, cracked","medium, soft, tender gums","smooth, oily, warm","straight, oily, blonde","strong, unbearable","quick, causes burning",changeable,"anxiety, fear, uncertainty",impatient,quick but faulty response,"rapid, unclear, talkative",strong tone,lack of dreams,summer,vata
P0106,slim,low,"small, sunken, dry","long pointed, red nose-tip","red, inflamed","stick out, big, roomy, thin gums","thin, dry, cold, rough","dry, brown/black","irregular, scanty","slow, forms mucous",sparse,"calmness, patience, contentment",restlessness,accurate response,"clear, sharp, penetrating","deep, good tone",imaginative,rainy,vata
